{"schematics":[{"docType":1,"title":"Sheet_1","dataStr":{"head":{"docType":"1","editorVersion":"6.4.19.5","newgId":true,"c_para":{"Prefix Start":"1"},"c_spiceCmd":null,"hasIdFlag":true},"canvas":"CA~1000~1000~#FFFFFF~yes~#CCCCCC~5~1000~1000~line~5~pixel~5~0~0","shape":["LIB~-5~-805~package`NONE`BOM_Manufacturer Part`?`spicePre`.`~~0~frame_lib_1~~~0~~yes~yes#@$T~N~565.5~-808~0~#000080~Arial~~~~~comment~A~0~start~gge78~0~#@$PT~M 201 -795 L 201 -805 M 201 -9 L 201 1 M 397 -795 L 397 -805 M 397 -9 L 397 1 M 593 -795 L 593 -805 M 593 -9 L 593 1 M 789 -795 L 789 -805 M 789 -9 L 789 1 M 985 -795 L 985 -805 M 985 -9 L 985 1 M 5 -599 L -5 -599 M 1134 -599 L 1144 -599 M 5 -403 L -5 -403 M 1134 -403 L 1144 -403 M 5 -207 L -5 -207 M 1134 -207 L 1144 -207 M 5 -11 L -5 -11 M 1134 -11 L 1144 -11~#880000~1~0~none~gge6~0~frame_tick#@$T~P~566.3046875~-816.609375~0~#000080~Arial~~~~~comment~A~0~start~gge77~0~#@$T~L~-3.5~-697~0~#880000~~~~~~comment~A~1~start~gge7~0~frame_tick#@$T~L~1135.5~-697~0~#880000~~~~~~comment~A~1~start~gge9~0~frame_tick#@$T~L~-3.5~-501~0~#880000~~~~~~comment~B~1~start~gge11~0~frame_tick#@$T~L~1135.5~-501~0~#880000~~~~~~comment~B~1~start~gge13~0~frame_tick#@$T~L~-3.5~-305~0~#880000~~~~~~comment~C~1~start~gge15~0~frame_tick#@$T~L~1135.5~-305~0~#880000~~~~~~comment~C~1~start~gge17~0~frame_tick#@$T~L~-3.5~-109~0~#880000~~~~~~comment~D~1~start~gge19~0~frame_tick#@$T~L~1135.5~-109~0~#880000~~~~~~comment~D~1~start~gge21~0~frame_tick#@$T~L~103~-796.5~0~#880000~~~~~~comment~1~1~start~gge23~0~frame_tick#@$T~L~103~-0.5~0~#880000~~~~~~comment~1~1~start~gge25~0~frame_tick#@$T~L~299~-796.5~0~#880000~~~~~~comment~2~1~start~gge27~0~frame_tick#@$T~L~299~-0.5~0~#880000~~~~~~comment~2~1~start~gge29~0~frame_tick#@$T~L~495~-796.5~0~#880000~~~~~~comment~3~1~start~gge31~0~frame_tick#@$T~L~495~-0.5~0~#880000~~~~~~comment~3~1~start~gge33~0~frame_tick#@$T~L~691~-796.5~0~#880000~~~~~~comment~4~1~start~gge35~0~frame_tick#@$T~L~691~-0.5~0~#880000~~~~~~comment~4~1~start~gge37~0~frame_tick#@$T~L~887~-796.5~0~#880000~~~~~~comment~5~1~start~gge39~0~frame_tick#@$T~L~887~-0.5~0~#880000~~~~~~comment~5~1~start~gge41~0~frame_tick#@$R~5~-795~~~1129~786~#880000~1~0~none~gge43~0~frame_innerbox#@$R~-5~-805~~~1149~806~#880000~1~0~none~gge44~0~frame_outbox#@$R~689.99995~-89~~~444~80~#880000~1~0~none~gge45~0~frame_hitarea#@$PL~690.1 -49.75 1133.63 -49.75~#880000~1~0~none~gge46~0#@$PL~794.63 -29.75 1133.63 -29.75~#880000~1~0~none~gge47~0#@$PL~1054.61 -88.93 1054.63 -49.75~#880000~1~0~none~gge48~0#@$PL~1054.63 -49.75 1054.63 -29.75~#880000~1~0~none~gge49~0#@$T~L~694.99995~-76~0~#880000~~8pt~~~~comment~TITLE:~1~start~gge50~0~pinpart#@$T~L~752.62495~-63.41~0~#0000FF~~10pt~~~~comment~RGB_COLUR_SENSOR~1~start~gge52~0~frame_title#@$T~L~1059.62495~-62.75~0~#880000~~8pt~~~~comment~REV:~1~start~gge54~0~pinpart#@$T~L~1097.62495~-62.75~0~#0000FF~~9pt~~~~comment~1.0~1~start~gge56~0~frame_version#@$T~L~799.62495~-14~0~#880000~~8pt~~~~comment~Date:~1~start~gge58~0~pinpart#@$T~L~846.62495~-13.52~0~#0000FF~~9pt~~~~comment~2021-05-30~1~start~gge60~0~frame_date#@$T~L~1058.62495~-34~0~#880000~~8pt~~~~comment~Sheet:~1~start~gge62~0~pinpart#@$T~L~1103.62495~-33.52~0~#0000FF~~9pt~~~~comment~1\/1~1~start~gge64~0~frame_sheet#@$T~L~938.62495~-13.75~0~#880000~~8pt~~~~comment~Drawn By:~1~start~gge66~0~pinpart#@$T~L~1003.63~-13.75~0~#0000FF~~9pt~~~~comment~VAKEESAN~1~start~gge68~0~frame_drawn#@$T~L~799.62495~-35.75~0~#880000~~8pt~~~~comment~Company:~1~start~gge70~0~pinpart#@$T~L~866.24995~-35.64~0~#0000FF~~9pt~~~~comment~UOM~1~start~gge72~0~frame_company#@$PL~794.63 -49.75 794.63 -9.75~#880000~1~0~none~gge74~0","W~100 -675 125 -675 125 -670~#008800~1~0~none~gge499~0","W~125 -700 125 -685 100 -685~#008800~1~0~none~gge500~0","F~part_netLabel_gnD~125~-670~0~gge501~~0^^125~-670^^GND~#000000~112~-642.75~0~start~1~Times New Roman~9pt~gge503^^PL~125 -660 125 -670~#000000~1~0~transparent~gge505~0^^PL~116 -660 134 -660~#000000~1~0~transparent~gge506~0^^PL~119 -658 131 -658~#000000~1~0~transparent~gge507~0^^PL~122 -656 128 -656~#000000~1~0~transparent~gge508~0^^PL~124 -654 126 -654~#000000~1~0~transparent~gge509~0","F~part_netLabel_VCC~125~-700~0~gge510~~0^^125~-700^^VCC~#000000~113~-712~0~start~1~Times New Roman~9pt~gge512^^PL~125 -710 125 -700~#000000~1~0~transparent~gge514~0^^PL~120 -710 130 -710~#000000~1~0~transparent~gge515~0","LIB~80~-680~package`CONN-TH_XHB-2A`BOM_Supplier`LCSC`BOM_Manufacturer`BOOMELE`BOM_Manufacturer Part`XHB-2A Connector`image`\/\/image.lceda.cn\/szlcsc\/C57981.jpg`BOM_Supplier Part`C57981`BOM_JLCPCB Part Class`Extended Part`spicePre`C`spiceSymbolName`JST_2 PIN`~~0~ggedb7b6dd8ba50fc0b~45b80daf67ad4ef6abe93cb9e2bbf325~cd526f21f66a42219b2dd654eaa41250~0~~yes~yes#@$T~N~70.109375~-693~0~#000080~Arial~~~~~comment~POWER~1~start~gge518~0~#@$T~P~70.109375~-701.71875~0~#000080~Arial~~~~~comment~JST4~1~start~gge520~0~#@$R~60~-690~~~20~20~#800000~1~0~none~gge522~0~#@$P~show~0~1~100~-685~0~gge523~0^^100~-685^^M 100 -685 h -20~#880000^^1~78~-682~0~1~end~~~#0000FF^^1~85~-686~0~1~start~~~#0000FF^^0~83~-685^^0~M 80 -688 L 77 -685 L 80 -682#@$P~show~0~2~100~-675~0~gge530~0^^100~-675^^M 100 -675 h -20~#880000^^1~78~-672~0~2~end~~~#0000FF^^1~85~-676~0~2~start~~~#0000FF^^0~83~-675^^0~M 80 -678 L 77 -675 L 80 -672","W~315 -725 315 -710 330 -710~#008800~1~0~none~gge537~0","W~355 -735 355 -710~#008800~1~0~none~gge538~0","W~375 -710 330 -710 330 -700~#008800~1~0~none~gge539~0","W~415 -710 445 -710 445 -705~#008800~1~0~none~gge540~0","W~445 -675 445 -655 330 -655~#008800~1~0~none~gge541~0","W~330 -670 330 -655 305 -655~#008800~1~0~none~gge542~0","W~305 -725 305 -655 260 -655 260 -670~#008800~1~0~none~gge543~0","W~260 -740 260 -700 295 -700 295 -725~#008800~1~0~none~gge544~0","F~part_netLabel_VCC~355~-735~0~gge545~~0^^355~-735^^5V~#000000~343~-747~0~start~1~Times New Roman~9pt~gge547^^PL~355 -745 355 -735~#000000~1~0~transparent~gge549~0^^PL~350 -745 360 -745~#000000~1~0~transparent~gge550~0","F~part_netLabel_gnD~305~-655~0~gge551~~0^^305~-655^^GND~#000000~292~-627.75~0~start~1~Times New Roman~9pt~gge553^^PL~305 -645 305 -655~#000000~1~0~transparent~gge555~0^^PL~296 -645 314 -645~#000000~1~0~transparent~gge556~0^^PL~299 -643 311 -643~#000000~1~0~transparent~gge557~0^^PL~302 -641 308 -641~#000000~1~0~transparent~gge558~0^^PL~304 -639 306 -639~#000000~1~0~transparent~gge559~0","F~part_netLabel_VCC~260~-740~0~gge560~~0^^260~-740^^VCC~#000000~248.0625~-751~0~start~1~Times New Roman~9pt~gge562^^PL~260 -750 260 -740~#000000~1~0~transparent~gge564~0^^PL~255 -750 265 -750~#000000~1~0~transparent~gge565~0","LIB~445~-685~package`5MM LED`BOM_Manufacturer Part`5mm LED`Contributor`Axbri`spicePre`U`spiceSymbolName`LED`~270~0~gge56c76a3002ad0dc7~e39eafbaf5944a6fad545c7e1b5b29a4~a11fdfe9a0cc49e1a1cfaebefbb79667~0~~yes~yes#@$T~N~460.578125~-677.84375~0~#000080~Arial~~~~~comment~LED~1~start~gge568~0~#@$T~P~460.58~-686.57~0~#000080~Arial~~~~~comment~U6~1~start~gge570~0~#@$P~show~0~1~445~-705~270~gge572~0^^445~-705^^M 445 -705 v 20~#880000^^0~458~-703~270~1~end~~~#0000FF^^0~444~-700~270~1~start~~~#0000FF^^0~445~-682^^0~M 448 -685 L 445 -688 L 442 -685#@$P~show~0~2~445~-675~90~gge579~0^^445~-675^^M 445 -675 v -20~#880000^^0~458~-677~270~2~start~~~#0000FF^^0~444~-680~270~2~end~~~#0000FF^^0~445~-698^^0~M 442 -695 L 445 -692 L 448 -695#@$PL~450 -695 440 -695 445 -685 450 -695 445 -685~#000000~1~0~#FFFFFF~gge586~0#@$PL~450 -685 440 -685~#000000~1~0~none~gge587~0#@$PT~M 452.86 -693.88 L 452.86 -693.81 L 452.93 -693.74 L 453 -693.59 L 453.15 -693.45 L 453.36 -693.31 L 453.65 -693.02 L 454.36 -692.45 L 454.72 -692.24 L 455.29 -691.81 L 455.65 -691.52 L 456 -691.31 L 456.29 -691.09 L 456.65 -690.88 L 456.86 -690.66 L 457.08 -690.59 L 457.36 -690.45 L 457.58 -690.31 L 457.79 -690.09 L 458.08 -689.95 L 458.22 -689.81 L 458.22 -689.95 L 458.15 -690.24 L 458.08 -690.38 L 458 -690.59 L 457.86 -690.88 L 457.79 -691.09 L 457.72 -691.38 L 457.58 -691.59 L 457.58 -691.88 L 457.5 -692.02 L 457.43 -692.31 L 457.29 -692.52 L 457.22 -692.88 L 457.15 -693.16 L 457.08 -693.38 L 457 -693.52 L 457 -693.66 L 456.93 -693.66 L 456.93 -693.81 L 456.93 -693.74~#000000~1~0~none~gge588~0~#@$PT~M 457.93 -690.09 L 457.93 -690.02 L 457.86 -689.95 L 457.79 -689.95 L 457.72 -689.88 L 456.22 -689.88 L 456.08 -689.81 L 455.36 -689.81 L 455.22 -689.74 L 455 -689.74~#000000~1~0~none~gge589~0~#@$PT~M 452.65 -686.88 L 452.72 -686.88 L 452.93 -686.66 L 453.29 -686.52 L 453.65 -686.24 L 454.15 -685.95 L 454.58 -685.66 L 455.08 -685.45 L 455.58 -685.16 L 456 -684.88 L 456.5 -684.59 L 456.93 -684.31 L 457.36 -684.16 L 457.72 -683.95 L 457.93 -683.88 L 458.15 -683.74 L 458.43 -683.59 L 458.58 -683.59 L 458.58 -683.52 L 458.58 -683.88 L 458.36 -684.31 L 458.29 -684.52 L 458.22 -684.81 L 458.08 -685.09 L 457.93 -685.31 L 457.86 -685.59 L 457.72 -685.88 L 457.58 -686.02 L 457.58 -686.24 L 457.43 -686.52 L 457.43 -686.59 L 457.36 -686.59 L 457.36 -686.66~#000000~1~0~none~gge590~0~#@$PT~M 458.29 -683.45 L 458.15 -683.38 L 458 -683.38 L 457.58 -683.24 L 457.29 -683.16 L 457.22 -683.09 L 456.93 -683.09 L 456.79 -683.02 L 456.58 -683.02 L 456.43 -682.95 L 456.29 -682.95 L 456.22 -682.88 L 455.72 -682.88 L 455.72 -682.81 L 455.43 -682.81 L 455.43 -682.74~#000000~1~0~none~gge591~0~","LIB~330~-685~package`CAP-TH_BD5.0-P2.00-D0.8-FD`BOM_Supplier`LCSC`BOM_Manufacturer`ValuePro`BOM_Manufacturer Part`0.1UF 50V`nameAlias`Capacitance`BOM_Supplier Part`C28061`BOM_JLCPCB Part Class`Extended Part`spicePre`C`spiceSymbolName`0.1uF`~~0~ggeec011fc6c8e1b118~3744bcbe1f464b01ae180f32d7d4b0c4~5be54c321bd14d348c8381ecaf5a69ca~0~~yes~yes#@$T~N~340~-672.84375~0~#000080~Arial~~~~~comment~100nF~1~start~gge594~0~#@$T~P~340~-681.5703125~0~#000080~Arial~~~~~comment~C7~1~start~gge596~0~#@$PL~338 -687 322 -687~#880000~1~0~none~gge598~0#@$P~show~1~1~330~-700~90~gge599~0^^330~-700^^M 330 -700 v 10~#000000^^0~333~-685~270~1~end~~~#000000^^0~329~-695~270~1~start~~~#000000^^0~330~-693^^0~M 327 -690 L 330 -687 L 333 -690#@$P~show~1~2~330~-670~270~gge606~0^^330~-670^^M 330 -670 v -10~#000000^^0~333~-685~270~2~start~~~#000000^^0~329~-675~270~2~end~~~#000000^^0~330~-677^^0~M 333 -680 L 330 -683 L 327 -680#@$PL~330 -690 330 -687~#880000~1~0~none~gge613~0#@$PL~330 -683 330 -680~#880000~1~0~none~gge614~0#@$A~M 337.67 -679.78 A 10 9 0 0 0 322.81 -680.25~~#880000~1~0~none~gge615~0#@$PL~333 -695 333 -691~#880000~1~0~none~gge616~0#@$PL~335 -693 331 -693~#880000~1~0~none~gge617~0","LIB~260~-685~package`CAP-TH_BD5.0-P2.00-D0.8-FD`BOM_Supplier`LCSC`BOM_Manufacturer`ValuePro`BOM_Manufacturer Part`0.33uF 50V 5*11`nameAlias`Capacitance`BOM_Supplier Part`C45097`BOM_JLCPCB Part Class`Extended Part`spicePre`C`spiceSymbolName`0.33uF`~~0~gge34b430b3c2a3b5a7~3744bcbe1f464b01ae180f32d7d4b0c4~f49767e4416d40f0884418e0d0b93281~0~~yes~yes#@$T~N~270~-672.84375~0~#000080~Arial~~~~~comment~330nF~1~start~gge620~0~#@$T~P~270~-681.5703125~0~#000080~Arial~~~~~comment~C6~1~start~gge622~0~#@$PL~268 -687 252 -687~#880000~1~0~none~gge624~0#@$P~show~1~1~260~-700~90~gge625~0^^260~-700^^M 260 -700 v 10~#000000^^0~263~-685~270~1~end~~~#000000^^0~259~-695~270~1~start~~~#000000^^0~260~-693^^0~M 257 -690 L 260 -687 L 263 -690#@$P~show~1~2~260~-670~270~gge632~0^^260~-670^^M 260 -670 v -10~#000000^^0~263~-685~270~2~start~~~#000000^^0~259~-675~270~2~end~~~#000000^^0~260~-677^^0~M 263 -680 L 260 -683 L 257 -680#@$PL~260 -690 260 -687~#880000~1~0~none~gge639~0#@$PL~260 -683 260 -680~#880000~1~0~none~gge640~0#@$A~M 267.67 -679.78 A 10 9 0 0 0 252.81 -680.25~~#880000~1~0~none~gge641~0#@$PL~263 -695 263 -691~#880000~1~0~none~gge642~0#@$PL~265 -693 261 -693~#880000~1~0~none~gge643~0","LIB~395~-710~Power`1\/4W`Value`Value`package`AXIAL-0.4`Tolerance`\u00b11%`BOM_EasyEDA`E57439`BOM_Supplier Part`E57439`BOM_Supplier`EasyEDA`BOM_Manufacturer`UniOhm`BOM_Manufacturer Part`MFR0W4F2200A50`spicePre`R`spiceSymbolName`RESISTOR`~~0~ggeca08fcbdc5e99879~e7870df76a684accba936496553f47ac~9bd55fad47ad4f3aaa35851c70f2642b~0~~yes~yes#@$T~N~389.03125~-717~0~#000080~Arial~~~~~comment~330~1~start~gge646~0~#@$T~P~389.03125~-725.71875~0~#000080~Arial~~~~~comment~R3~1~start~gge648~0~#@$P~show~1~2~415~-710~0~gge650~0^^415~-710^^M 415 -710 h -10~#000000^^0~400~-707~0~2~end~~~#000000^^0~410~-711~0~2~start~~~#000000^^0~408~-710^^0~M 405 -713 L 402 -710 L 405 -707#@$P~show~1~1~375~-710~180~gge657~0^^375~-710^^M 375 -710 h 10~#000000^^0~390~-707~0~1~start~~~#000000^^0~380~-711~0~1~end~~~#000000^^0~382~-710^^0~M 385 -707 L 388 -710 L 385 -713#@$R~385~-714~~~20~8~#880000~1~0~none~gge664~0~","LIB~305~-760~package`TO-220-3_L10.0-W4.5-P2.54-L`BOM_Supplier`LCSC`BOM_Supplier Part`C305416`BOM_Manufacturer`Foshan Blue Rocket Elec`BOM_Manufacturer Part`7805`Contributor`LCSC`BOM_JLCPCB Part Class`Extended Part`spicePre`U`spiceSymbolName`7805_Regulator`~90~0~gge1af4182f0b155b93~948e610cffd14df79f04c73832b1409b~d09c815c60254a53a63fdc7cb2e653f0~0~~yes~yes#@$T~N~299.03125~-768~0~#000080~Arial~~~~~comment~7805_Regulator~1~start~gge667~0~#@$T~P~299.03125~-776.71875~0~#000080~Arial~~~~~comment~U5~1~start~gge669~0~#@$R~285~-765~2~2~40~30~#880000~1~0~none~gge671~0~#@$E~287.5~-737.5~1.5~1.5~#880000~1~0~#880000~gge672~0#@$P~show~0~1~295~-725~270~gge673~0^^295~-725^^M 295 -725 v -10~#880000^^1~299~-738.7~270~IN~start~~~#0000FF^^1~294~-734.5~270~1~end~~~#0000FF^^0~295~-732^^0~M 298 -735 L 295 -738 L 292 -735#@$P~show~0~2~305~-725~270~gge680~0^^305~-725^^M 305 -725 v -10~#0000FF^^1~309~-738.7~270~GND~start~~~#0000FF^^1~304~-734.5~270~2~end~~~#0000FF^^0~305~-732^^0~M 308 -735 L 305 -738 L 302 -735#@$P~show~0~3~315~-725~270~gge687~0^^315~-725^^M 315 -725 v -10~#880000^^1~319~-738.7~270~OUT~start~~~#0000FF^^1~314~-734.5~270~3~end~~~#0000FF^^0~315~-732^^0~M 318 -735 L 315 -738 L 312 -735","W~700 -445 710 -445~#008800~1~0~none~gge742~0","W~700 -455 710 -455~#008800~1~0~none~gge743~0","W~700 -465 710 -465~#008800~1~0~none~gge744~0","W~700 -475 710 -475~#008800~1~0~none~gge745~0","W~710 -435 700 -435~#008800~1~0~none~gge746~0","W~710 -425 700 -425~#008800~1~0~none~gge747~0","F~part_netLabel_netPort~710~-425~180~gge748~~0^^710~-425^^BLUE_SEN~#0000FF~739.18~-421.4~0~start~1~Times New Roman~8pt~gge750^^PL~710 -425 715 -430 730 -430 730 -420 715 -420 710 -425~#0000FF~1~0~transparent~gge752~0","F~part_netLabel_netPort~710~-435~180~gge753~~0^^710~-435^^GREEN_SEN~#0000FF~739.34~-431.4~0~start~1~Times New Roman~8pt~gge755^^PL~710 -435 715 -440 730 -440 730 -430 715 -430 710 -435~#0000FF~1~0~transparent~gge757~0","W~700 -325 710 -325~#008800~1~0~none~gge758~0","F~part_netLabel_netPort~710~-325~180~gge759~~0^^710~-325^^EN~#0000FF~732.44~-321.41~0~start~1~Times New Roman~8pt~gge761^^PL~710 -325 715 -330 730 -330 730 -320 715 -320 710 -325~#0000FF~1~0~transparent~gge763~0","W~590 -530 540 -530~#008800~1~0~none~gge764~0","W~700 -285 700 -290 755 -290 755 -280~#008800~1~0~none~gge765~0","W~700 -295 700 -300 760 -300 760 -310~#008800~1~0~none~gge766~0","W~700 -305 755 -305 755 -330~#008800~1~0~none~gge767~0","F~part_netLabel_netPort~710~-445~180~gge768~~0^^710~-445^^BLUE_OUT~#0000FF~737.3071875~-441.4021875~0~start~1~Times New Roman~8pt~gge770^^PL~710 -445 715 -450 730 -450 730 -440 715 -440 710 -445~#0000FF~1~0~transparent~gge772~0","F~part_netLabel_netPort~710~-455~180~gge773~~0^^710~-455^^GREEN_OUT~#0000FF~737.44~-451.41~0~start~1~Times New Roman~8pt~gge775^^PL~710 -455 715 -460 730 -460 730 -450 715 -450 710 -455~#0000FF~1~0~transparent~gge777~0","F~part_netLabel_netPort~710~-465~180~gge778~~0^^710~-465^^RED_OUT~#0000FF~737.44~-461.41~0~start~1~Times New Roman~8pt~gge780^^PL~710 -465 715 -470 730 -470 730 -460 715 -460 710 -465~#0000FF~1~0~transparent~gge782~0","F~part_netLabel_netPort~710~-475~180~gge783~~0^^710~-475^^LDR~#0000FF~737.44~-471.41~0~start~1~Times New Roman~8pt~gge785^^PL~710 -475 715 -480 730 -480 730 -470 715 -470 710 -475~#0000FF~1~0~transparent~gge787~0","F~part_netLabel_netPort~540~-455~0~gge788~~0^^540~-455^^COL_1~#0000FF~488.99~-451.4465625~0~start~1~Times New Roman~8pt~gge790^^PL~540 -455 535 -450 520 -450 520 -460 535 -460 540 -455~#0000FF~1~0~transparent~gge792~0","F~part_netLabel_netPort~540~-445~0~gge793~~0^^540~-445^^COL_2~#0000FF~489~-441.4465625~0~start~1~Times New Roman~8pt~gge795^^PL~540 -445 535 -440 520 -440 520 -450 535 -450 540 -445~#0000FF~1~0~transparent~gge797~0","F~part_netLabel_netPort~755~-330~180~gge798~~0^^755~-330^^MOSI~#0000FF~777.08~-327.58~0~start~1~Times New Roman~8pt~gge800^^PL~755 -330 760 -335 775 -335 775 -325 760 -325 755 -330~#0000FF~1~0~transparent~gge802~0","F~part_netLabel_netPort~760~-310~180~gge803~~0^^760~-310^^MISO~#0000FF~782.08~-307.58~0~start~1~Times New Roman~8pt~gge805^^PL~760 -310 765 -315 780 -315 780 -305 765 -305 760 -310~#0000FF~1~0~transparent~gge807~0","F~part_netLabel_netPort~755~-280~180~gge808~~0^^755~-280^^SCK~#0000FF~777.08~-277.58~0~start~1~Times New Roman~8pt~gge810^^PL~755 -280 760 -285 775 -285 775 -275 760 -275 755 -280~#0000FF~1~0~transparent~gge812~0","W~525 -295 540 -295 540 -315~#008800~1~0~none~gge813~0","F~part_netLabel_gnD~515~-350~0~gge815~~0^^515~-350^^GND~#000000~502~-322.75~0~start~1~Times New Roman~9pt~gge817^^PL~515 -340 515 -350~#000000~1~0~transparent~gge819~0^^PL~506 -340 524 -340~#000000~1~0~transparent~gge820~0^^PL~509 -338 521 -338~#000000~1~0~transparent~gge821~0^^PL~512 -336 518 -336~#000000~1~0~transparent~gge822~0^^PL~514 -334 516 -334~#000000~1~0~transparent~gge823~0","F~part_netLabel_gnD~525~-295~0~gge824~~0^^525~-295^^GND~#000000~512~-267.75~0~start~1~Times New Roman~9pt~gge826^^PL~525 -285 525 -295~#000000~1~0~transparent~gge828~0^^PL~516 -285 534 -285~#000000~1~0~transparent~gge829~0^^PL~519 -283 531 -283~#000000~1~0~transparent~gge830~0^^PL~522 -281 528 -281~#000000~1~0~transparent~gge831~0^^PL~524 -279 526 -279~#000000~1~0~transparent~gge832~0","LIB~515~-360~package`CAP-TH_BD5.0-P2.00-D0.8-FD`BOM_Supplier`LCSC`BOM_Manufacturer`ValuePro`BOM_Manufacturer Part`0.1UF 50V`nameAlias`Capacitance`BOM_Supplier Part`C28061`BOM_JLCPCB Part Class`Extended Part`spicePre`C`spiceSymbolName`0.1uF`~~0~gge33102a8cbfe17660~3744bcbe1f464b01ae180f32d7d4b0c4~5be54c321bd14d348c8381ecaf5a69ca~0~~yes~yes#@$T~N~521.765625~-351.5703125~0~#000080~Arial~~~~~comment~100nF~1~start~gge835~0~#@$T~P~524.03125~-361.5703125~0~#000080~Arial~~~~~comment~C4~1~start~gge837~0~#@$PL~523 -362 507 -362~#880000~1~0~none~gge839~0#@$P~show~1~1~515~-375~90~gge840~0^^515~-375^^M 515 -375 v 10~#000000^^0~518~-360~270~1~end~~~#000000^^0~514~-370~270~1~start~~~#000000^^0~515~-368^^0~M 512 -365 L 515 -362 L 518 -365#@$P~show~1~2~515~-345~270~gge847~0^^515~-345^^M 515 -345 v -10~#000000^^0~518~-360~270~2~start~~~#000000^^0~514~-350~270~2~end~~~#000000^^0~515~-352^^0~M 518 -355 L 515 -358 L 512 -355#@$PL~515 -365 515 -362~#880000~1~0~none~gge854~0#@$PL~515 -358 515 -355~#880000~1~0~none~gge855~0#@$A~M 522.67 -354.78 A 10 9 0 0 0 507.81 -355.25~~#880000~1~0~none~gge856~0#@$PL~518 -370 518 -366~#880000~1~0~none~gge857~0#@$PL~520 -368 516 -368~#880000~1~0~none~gge858~0","F~part_netLabel_VCC~425~-370~0~gge861~~0^^425~-370^^5V~#000000~417.421875~-381~0~start~1~Times New Roman~9pt~gge863^^PL~425 -380 425 -370~#000000~1~0~transparent~gge865~0^^PL~420 -380 430 -380~#000000~1~0~transparent~gge866~0","F~part_netLabel_VCC~505~-570~0~gge926~~0^^505~-570^^5V~#000000~497.421875~-581~0~start~1~Times New Roman~9pt~gge928^^PL~505 -580 505 -570~#000000~1~0~transparent~gge930~0^^PL~500 -580 510 -580~#000000~1~0~transparent~gge931~0","F~part_netLabel_gnD~505~-500~0~gge932~~0^^505~-500^^GND~#000000~492~-476~0~start~1~Times New Roman~9pt~gge934^^PL~505 -490 505 -500~#000000~1~0~transparent~gge936~0^^PL~496 -490 514 -490~#000000~1~0~transparent~gge937~0^^PL~499 -488 511 -488~#000000~1~0~transparent~gge938~0^^PL~502 -486 508 -486~#000000~1~0~transparent~gge939~0^^PL~504 -484 506 -484~#000000~1~0~transparent~gge940~0","W~365 -495 365 -520 400 -520 400 -510~#008800~1~0~none~gge941~0","W~460 -510 460 -530 540 -530 540 -475~#008800~1~0~none~gge942~0","F~part_netLabel_netPort~590~-530~180~gge943~~0^^590~-530^^RESET~#0000FF~612.08~-527.58~0~start~1~Times New Roman~8pt~gge945^^PL~590 -530 595 -535 610 -535 610 -525 595 -525 590 -530~#0000FF~1~0~transparent~gge947~0","F~part_netLabel_gnD~365~-495~0~gge948~~0^^365~-495^^GND~#000000~352~-467.75~0~start~1~Times New Roman~9pt~gge950^^PL~365 -485 365 -495~#000000~1~0~transparent~gge952~0^^PL~356 -485 374 -485~#000000~1~0~transparent~gge953~0^^PL~359 -483 371 -483~#000000~1~0~transparent~gge954~0^^PL~362 -481 368 -481~#000000~1~0~transparent~gge955~0^^PL~364 -479 366 -479~#000000~1~0~transparent~gge956~0","LIB~505~-515~package`CAP-TH_BD5.0-P2.00-D0.8-FD`BOM_Supplier`LCSC`BOM_Manufacturer`ValuePro`BOM_Manufacturer Part`0.1UF 50V`nameAlias`Capacitance`BOM_Supplier Part`C28061`BOM_JLCPCB Part Class`Extended Part`spicePre`C`spiceSymbolName`0.1uF`~~0~gge963411afcb9eac53~3744bcbe1f464b01ae180f32d7d4b0c4~5be54c321bd14d348c8381ecaf5a69ca~0~~yes~yes#@$T~N~515~-502.84375~0~#000080~Arial~~~~~comment~100nF~1~start~gge959~0~#@$T~P~515~-511.5703125~0~#000080~Arial~~~~~comment~C3~1~start~gge961~0~#@$PL~513 -517 497 -517~#880000~1~0~none~gge963~0#@$P~show~1~1~505~-530~90~gge964~0^^505~-530^^M 505 -530 v 10~#000000^^0~508~-515~270~1~end~~~#000000^^0~504~-525~270~1~start~~~#000000^^0~505~-523^^0~M 502 -520 L 505 -517 L 508 -520#@$P~show~1~2~505~-500~270~gge971~0^^505~-500^^M 505 -500 v -10~#000000^^0~508~-515~270~2~start~~~#000000^^0~504~-505~270~2~end~~~#000000^^0~505~-507^^0~M 508 -510 L 505 -513 L 502 -510#@$PL~505 -520 505 -517~#880000~1~0~none~gge978~0#@$PL~505 -513 505 -510~#880000~1~0~none~gge979~0#@$A~M 512.67 -509.78 A 10 9 0 0 0 497.81 -510.25~~#880000~1~0~none~gge980~0#@$PL~508 -525 508 -521~#880000~1~0~none~gge981~0#@$PL~510 -523 506 -523~#880000~1~0~none~gge982~0","LIB~505~-550~Power`1\/4W`Value`Value`package`AXIAL-0.4`Tolerance`\u00b11%`BOM_EasyEDA`E57439`BOM_Supplier Part`E57439`BOM_Supplier`EasyEDA`BOM_Manufacturer`UniOhm`BOM_Manufacturer Part`MFR0W4F2200A50`spicePre`R`spiceSymbolName`RESISTOR`~90~0~ggefd86ae7de8a6853a~e7870df76a684accba936496553f47ac~9bd55fad47ad4f3aaa35851c70f2642b~0~~yes~yes#@$T~N~511~-537.84375~0~#000080~Arial~~~~~comment~10K~1~start~gge985~0~#@$T~P~511~-546.5703125~0~#000080~Arial~~~~~comment~R1~1~start~gge987~0~#@$P~show~1~2~505~-570~90~gge989~0^^505~-570^^M 505 -570 v 10~#000000^^0~508~-555~270~2~end~~~#000000^^0~504~-565~270~2~start~~~#000000^^0~505~-563^^0~M 502 -560 L 505 -557 L 508 -560#@$P~show~1~1~505~-530~270~gge996~0^^505~-530^^M 505 -530 v -10~#000000^^0~508~-545~270~1~start~~~#000000^^0~504~-535~270~1~end~~~#000000^^0~505~-537^^0~M 508 -540 L 505 -543 L 502 -540#@$R~501~-560~~~8~20~#880000~1~0~none~gge1003~0~","LIB~430~-520~package`KEY-TH_4P-L6.0-W6.0-P4.50`BOM_Supplier Part`C59980`BOM_Supplier`LCSC`BOM_Manufacturer`ReliaPro`BOM_Manufacturer Part`button6*6*8.5`image`http:\/\/image.lceda.cn\/szlcsc\/C59980.jpg`spicePre`K`spiceSymbolName`Push_Button`~~0~gge4e69442afc37af6a~9096c4e6bc254754b0b895e85df2faca~7de501fc75ac493a965b2b9f2b1bbe3f~0~~yes~yes#@$T~N~418.0625~-534~0~#000080~Arial~~~~~comment~reset button~1~start~gge1006~0~#@$T~P~418.0625~-542.859375~0~#000080~Arial~~~~~comment~KEY1~1~start~gge1008~0~#@$P~show~1~1~400~-520~180~gge1010~0^^400~-520^^M 400 -520 h 10~#000000^^0~415~-517~0~1~start~~~#000000^^1~410~-521~0~1~end~~~#000000^^0~407~-520^^0~M 410 -517 L 413 -520 L 410 -523#@$P~show~1~2~400~-510~180~gge1017~0^^400~-510^^M 400 -510 h 10~#000000^^0~415~-507~0~2~start~~~#000000^^1~410~-511~0~2~end~~~#000000^^0~407~-510^^0~M 410 -507 L 413 -510 L 410 -513#@$PG~415 -528 415 -527 445 -527 445 -528 434 -528 434 -531 426 -531 426 -528~#FF0000~1~0~#880000~gge1024~0#@$A~M 421 -521 A 3 3 0 1 0 421 -520.99~~#880000~1~0~none~gge1025~0#@$A~M 445 -521 A 3 3 0 1 0 445 -520.99~~#880000~1~0~none~gge1026~0#@$P~show~1~3~460~-520~0~gge1027~0^^460~-520^^M 460 -520 h -10~#000000^^0~445~-517~0~3~end~~~#000000^^1~450~-521~0~3~start~~~#000000^^0~453~-520^^0~M 450 -523 L 447 -520 L 450 -517#@$P~show~1~4~460~-510~0~gge1034~0^^460~-510^^M 460 -510 h -10~#000000^^0~445~-507~0~4~end~~~#000000^^1~450~-511~0~4~start~~~#000000^^0~453~-510^^0~M 450 -513 L 447 -510 L 450 -507#@$A~M 421 -509 A 3 3 0 1 0 421 -508.99~~#880000~1~0~none~gge1041~0#@$A~M 445 -509 A 3 3 0 1 0 445 -508.99~~#880000~1~0~none~gge1042~0#@$PL~415 -521 415 -509~#880000~1~0~none~gge1043~0#@$PL~445 -509 445 -521~#880000~1~0~none~gge1044~0#@$PL~410 -520 414 -520~#000000~1~0~none~gge1045~0#@$PL~410 -510 414 -510~#000000~1~0~none~gge1046~0#@$PL~450 -510 446 -510~#000000~1~0~none~gge1047~0#@$PL~450 -520 446 -520~#000000~1~0~none~gge1048~0","W~430 -400 445 -400~#008800~1~0~none~gge1049~0","W~430 -440 445 -440~#008800~1~0~none~gge1050~0","W~395 -400 400 -400~#008800~1~0~none~gge1051~0","W~400 -440 395 -440 395 -400~#008800~1~0~none~gge1052~0","F~part_netLabel_gnD~395~-400~0~gge1053~~0^^395~-400^^GND~#000000~382~-372.75~0~start~1~Times New Roman~9pt~gge1055^^PL~395 -390 395 -400~#000000~1~0~transparent~gge1057~0^^PL~386 -390 404 -390~#000000~1~0~transparent~gge1058~0^^PL~389 -388 401 -388~#000000~1~0~transparent~gge1059~0^^PL~392 -386 398 -386~#000000~1~0~transparent~gge1060~0^^PL~394 -384 396 -384~#000000~1~0~transparent~gge1061~0","LIB~415~-400~package`CAP-TH_L3.5-W3.0-P2.54-D0.8`BOM_Supplier`LCSC`BOM_Manufacturer`ReliaPro`BOM_Manufacturer Part`22pf\/50V 10%`nameAlias`Capacitance`BOM_Supplier Part`C9316`spicePre`C`spiceSymbolName`22pF`~180~0~gge90e60e2ffa07fced~52cd2c51d74145d39b9c4fa97425171a~6c9002246cb049c28c50163d45c8214b~0~~yes~yes#@$T~N~409.03125~-411~0~#000080~Arial~~~~~comment~22pF~1~start~gge1064~0~#@$T~P~409.03~-419.859375~0~#000080~Arial~~~~~comment~C2~1~start~gge1066~0~#@$PL~417 -392 417 -408~#880000~1~0~none~gge1068~0#@$PL~413 -392 413 -408~#880000~1~0~none~gge1069~0#@$P~show~1~1~430~-400~0~gge1070~0^^430~-400^^M 430 -400 h -10~#000000^^0~415~-397~0~1~end~~~#000000^^0~425~-401~0~1~start~~~#000000^^0~423~-400^^0~M 420 -403 L 417 -400 L 420 -397#@$P~show~1~2~400~-400~180~gge1077~0^^400~-400^^M 400 -400 h 10~#000000^^0~415~-397~0~2~start~~~#000000^^0~405~-401~0~2~end~~~#000000^^0~407~-400^^0~M 410 -397 L 413 -400 L 410 -403#@$PL~420 -400 417 -400~#880000~1~0~none~gge1084~0#@$PL~413 -400 410 -400~#880000~1~0~none~gge1085~0","W~430 -400 485 -400 485 -415 525 -415 540 -415~#008800~1~0~none~gge1086~0","W~540 -425 485 -425 485 -440 430 -440~#008800~1~0~none~gge1087~0","LIB~415~-440~package`CAP-TH_L3.5-W3.0-P2.54-D0.8`BOM_Supplier`LCSC`BOM_Manufacturer`ReliaPro`BOM_Manufacturer Part`22pf\/50V 10%`nameAlias`Capacitance`BOM_Supplier Part`C9316`spicePre`C`spiceSymbolName`22pF`~180~0~ggedaad327ed1e64af6~52cd2c51d74145d39b9c4fa97425171a~6c9002246cb049c28c50163d45c8214b~0~~yes~yes#@$T~N~409.03125~-451~0~#000080~Arial~~~~~comment~22pF~1~start~gge1090~0~#@$T~P~409.03~-459.859375~0~#000080~Arial~~~~~comment~C1~1~start~gge1092~0~#@$PL~417 -432 417 -448~#880000~1~0~none~gge1094~0#@$PL~413 -432 413 -448~#880000~1~0~none~gge1095~0#@$P~show~1~1~430~-440~0~gge1096~0^^430~-440^^M 430 -440 h -10~#000000^^0~415~-437~0~1~end~~~#000000^^0~425~-441~0~1~start~~~#000000^^0~423~-440^^0~M 420 -443 L 417 -440 L 420 -437#@$P~show~1~2~400~-440~180~gge1103~0^^400~-440^^M 400 -440 h 10~#000000^^0~415~-437~0~2~start~~~#000000^^0~405~-441~0~2~end~~~#000000^^0~407~-440^^0~M 410 -437 L 413 -440 L 410 -443#@$PL~420 -440 417 -440~#880000~1~0~none~gge1110~0#@$PL~413 -440 410 -440~#880000~1~0~none~gge1111~0","LIB~445~-420~package`16MHZ_OSC [PCB]`BOM_Supplier`SHIVRAM`BOM_Manufacturer`SHIVRAM`BOM_Manufacturer Part`0SC-16MHz`nameAlias`Frequency`BOM_Supplier Part`0SC-16MHz`Contributor`Mantas Petrauskas`spicePre`X`spiceSymbolName`Crystal Oscillator`~90~0~gge14125bab1c9df2b7~629100255eca4ae2b76302a99366eae7~5473f07d6caf44cb9c9bf3a156642f5f~0~~yes~yes#@$T~N~454~-407.4375~0~#000080~Arial~~~~~comment~16MHz~1~start~gge1114~0~#@$T~P~455.859375~-416.296875~0~#000080~Arial~~~~~comment~XTAL1~1~start~gge1116~0~#@$P~show~1~1~445~-440~90~gge1118~0^^445~-440^^M 445 -440 v 10~#000000^^0~448~-425~270~OSC1~end~~~#000000^^0~444~-435~270~1~start~~~#000000^^0~445~-433^^0~M 442 -430 L 445 -427 L 448 -430#@$P~show~1~2~445~-400~270~gge1125~0^^445~-400^^M 445 -400 v -10~#000000^^0~448~-415~270~OSC2~start~~~#000000^^0~444~-405~270~2~end~~~#000000^^0~445~-407^^0~M 448 -410 L 445 -413 L 442 -410#@$PL~441 -425 449 -425~#880000~1~0~none~gge1132~0#@$PL~438 -417 438 -423~#880000~1~0~none~gge1133~0#@$PL~441 -415 449 -415~#880000~1~0~none~gge1134~0#@$PL~438 -423 452 -423 452 -417 438 -417~#880000~1~0~none~gge1135~0#@$PL~445 -410 445 -414~#000000~1~0~none~gge1136~0#@$PL~445 -430 445 -426~#000000~1~0~none~gge1137~0#@$PL~438 -415 452 -415~#880000~1~0~none~gge1138~0#@$PL~438 -425 452 -425~#880000~1~0~none~gge1139~0#@$PL~452 -417 438 -417 438 -423 452 -423 452 -417~#880000~1~0~none~gge1140~0","LIB~620~-380~package`DIP-28_L34.6-W7.3-P2.54-LS10.2-BL`sourceId`Oic6oiASL`timeStamp`1451725987`BOM_Supplier`LCSC`BOM_Manufacturer`MICROCHIP`BOM_Manufacturer Part`ATMEGA328P-PU`image`\/\/image.lceda.cn\/szlcsc\/C33901.jpg`Contributor`LCSC`BOM_Supplier Part`C33901`spicePre`U`spiceSymbolName`ATMEGA _328P-PU`~~0~gge715bf90c1a918d70~2f1d96128ab94db491eae99d61bfb39c~31af3266708b4a22833a8d96e8162e1a~0~~yes~yes#@$T~N~613.84375~-488.265625~0~#000080~Arial~~~~~comment~ATMEGA _328P-PU~1~start~gge1143~0~#@$T~P~613.8515625~-497.125~0~#000080~Arial~~~~~comment~U1~1~start~gge1145~0~#@$R~560~-485~2~2~120~210~#000000~1~0~none~gge1147~0~#@$P~show~3~1~540~-475~180~gge1148~0^^540~-475^^M 540 -475 h 20~#880000^^1~563~-472~0~PC6 RESET#~start~~~#0000FF^^1~554~-476~0~1~end~~~#0000FF^^0~557~-475^^0~M 560 -472 L 563 -475 L 560 -478#@$P~show~3~2~540~-455~180~gge1155~0^^540~-455^^M 540 -455 h 20~#880000^^1~563~-452~0~PD0 RXD~start~~~#0000FF^^1~554~-456~0~2~end~~~#0000FF^^0~557~-455^^0~M 560 -452 L 563 -455 L 560 -458#@$P~show~3~3~540~-445~180~gge1162~0^^540~-445^^M 540 -445 h 20~#880000^^1~563~-442~0~PD1 TXD~start~~~#0000FF^^1~554~-446~0~3~end~~~#0000FF^^0~557~-445^^0~M 560 -442 L 563 -445 L 560 -448#@$P~show~3~4~700~-405~0~gge1169~0^^700~-405^^M 700 -405 h -20~#880000^^1~677~-402~0~INT0 PD2~end~~~#0000FF^^1~686~-406~0~4~start~~~#0000FF^^0~683~-405^^0~M 680 -408 L 677 -405 L 680 -402#@$P~show~3~5~700~-395~0~gge1176~0^^700~-395^^M 700 -395 h -20~#880000^^1~677~-392~0~INT1 PD3~end~~~#0000FF^^1~686~-396~0~5~start~~~#0000FF^^0~683~-395^^0~M 680 -398 L 677 -395 L 680 -392#@$P~show~3~6~700~-385~0~gge1183~0^^700~-385^^M 700 -385 h -20~#880000^^1~677~-382~0~T0 PD4~end~~~#0000FF^^1~686~-386~0~6~start~~~#0000FF^^0~683~-385^^0~M 680 -388 L 677 -385 L 680 -382#@$P~show~4~7~540~-395~180~gge1190~0^^540~-395^^M 540 -395 h 20~#880000^^1~563~-392~0~VCC~start~~~#0000FF^^1~554~-396~0~7~end~~~#0000FF^^0~557~-395^^0~M 560 -392 L 563 -395 L 560 -398#@$P~show~4~8~540~-315~180~gge1197~0^^540~-315^^M 540 -315 h 20~#880000^^1~563~-312~0~GND~start~~~#0000FF^^1~554~-316~0~8~end~~~#0000FF^^0~557~-315^^0~M 560 -312 L 563 -315 L 560 -318#@$P~show~3~9~540~-425~180~gge1204~0^^540~-425^^M 540 -425 h 20~#880000^^1~563~-422~0~PB6 XTAL1~start~~~#0000FF^^1~554~-426~0~9~end~~~#0000FF^^0~557~-425^^0~M 560 -422 L 563 -425 L 560 -428#@$P~show~3~10~540~-415~180~gge1211~0^^540~-415^^M 540 -415 h 20~#880000^^1~563~-412~0~PB7 XTAL2~start~~~#0000FF^^1~554~-416~0~10~end~~~#0000FF^^0~557~-415^^0~M 560 -412 L 563 -415 L 560 -418#@$P~show~3~11~700~-375~0~gge1218~0^^700~-375^^M 700 -375 h -20~#880000^^1~677~-372~0~T1 PD5~end~~~#0000FF^^1~686~-376~0~11~start~~~#0000FF^^0~683~-375^^0~M 680 -378 L 677 -375 L 680 -372#@$P~show~3~12~700~-365~0~gge1225~0^^700~-365^^M 700 -365 h -20~#880000^^1~677~-362~0~AIN0 PD6~end~~~#0000FF^^1~686~-366~0~12~start~~~#0000FF^^0~683~-365^^0~M 680 -368 L 677 -365 L 680 -362#@$P~show~3~13~700~-355~0~gge1232~0^^700~-355^^M 700 -355 h -20~#880000^^1~677~-352~0~AIN1 PD7~end~~~#0000FF^^1~686~-356~0~13~start~~~#0000FF^^0~683~-355^^0~M 680 -358 L 677 -355 L 680 -352#@$P~show~3~14~700~-335~0~gge1239~0^^700~-335^^M 700 -335 h -20~#880000^^1~677~-332~0~PCINT0 PB0~end~~~#0000FF^^1~686~-336~0~14~start~~~#0000FF^^0~683~-335^^0~M 680 -338 L 677 -335 L 680 -332#@$P~show~3~15~700~-325~0~gge1246~0^^700~-325^^M 700 -325 h -20~#880000^^1~677~-322~0~PCINT1  PB1~end~~~#0000FF^^1~686~-326~0~15~start~~~#0000FF^^0~683~-325^^0~M 680 -328 L 677 -325 L 680 -322#@$P~show~3~16~700~-315~0~gge1253~0^^700~-315^^M 700 -315 h -20~#880000^^1~677~-312~0~PCINT2 PB2~end~~~#0000FF^^1~686~-316~0~16~start~~~#0000FF^^0~683~-315^^0~M 680 -318 L 677 -315 L 680 -312#@$P~show~3~17~700~-305~0~gge1260~0^^700~-305^^M 700 -305 h -20~#880000^^1~677~-302~0~PCINT3 PB3~end~~~#0000FF^^1~686~-306~0~17~start~~~#0000FF^^0~683~-305^^0~M 680 -308 L 677 -305 L 680 -302#@$P~show~3~18~700~-295~0~gge1267~0^^700~-295^^M 700 -295 h -20~#880000^^1~677~-292~0~PCINT4 PB4~end~~~#0000FF^^1~686~-296~0~18~start~~~#0000FF^^0~683~-295^^0~M 680 -298 L 677 -295 L 680 -292#@$P~show~3~19~700~-285~0~gge1274~0^^700~-285^^M 700 -285 h -20~#880000^^1~677~-282~0~PCINT5 PB5~end~~~#0000FF^^1~686~-286~0~19~start~~~#0000FF^^0~683~-285^^0~M 680 -288 L 677 -285 L 680 -282#@$P~show~4~20~540~-385~180~gge1281~0^^540~-385^^M 540 -385 h 20~#880000^^1~563~-382~0~AVCC~start~~~#0000FF^^1~554~-386~0~20~end~~~#0000FF^^0~557~-385^^0~M 560 -382 L 563 -385 L 560 -388#@$P~show~4~21~540~-375~180~gge1288~0^^540~-375^^M 540 -375 h 20~#880000^^1~563~-372~0~AREF~start~~~#0000FF^^1~554~-376~0~21~end~~~#0000FF^^0~557~-375^^0~M 560 -372 L 563 -375 L 560 -378#@$P~show~4~22~540~-295~180~gge1295~0^^540~-295^^M 540 -295 h 20~#880000^^1~563~-292~0~GND~start~~~#0000FF^^1~554~-296~0~22~end~~~#0000FF^^0~557~-295^^0~M 560 -292 L 563 -295 L 560 -298#@$P~show~3~23~700~-475~0~gge1302~0^^700~-475^^M 700 -475 h -20~#880000^^1~677~-472~0~PC0 ADC0~end~~~#0000FF^^1~686~-476~0~23~start~~~#0000FF^^0~683~-475^^0~M 680 -478 L 677 -475 L 680 -472#@$P~show~3~24~700~-465~0~gge1309~0^^700~-465^^M 700 -465 h -20~#880000^^1~677~-462~0~PC1 ADC1~end~~~#0000FF^^1~686~-466~0~24~start~~~#0000FF^^0~683~-465^^0~M 680 -468 L 677 -465 L 680 -462#@$P~show~3~25~700~-455~0~gge1316~0^^700~-455^^M 700 -455 h -20~#880000^^1~677~-452~0~PC2 ADC2~end~~~#0000FF^^1~686~-456~0~25~start~~~#0000FF^^0~683~-455^^0~M 680 -458 L 677 -455 L 680 -452#@$P~show~3~26~700~-445~0~gge1323~0^^700~-445^^M 700 -445 h -20~#880000^^1~677~-442~0~PC3 ADC3~end~~~#0000FF^^1~686~-446~0~26~start~~~#0000FF^^0~683~-445^^0~M 680 -448 L 677 -445 L 680 -442#@$P~show~3~27~700~-435~0~gge1330~0^^700~-435^^M 700 -435 h -20~#880000^^1~677~-432~0~PC4 ADC4~end~~~#0000FF^^1~686~-436~0~27~start~~~#0000FF^^0~683~-435^^0~M 680 -438 L 677 -435 L 680 -432#@$P~show~3~28~700~-425~0~gge1337~0^^700~-425^^M 700 -425 h -20~#880000^^1~677~-422~0~PC5 ADC5~end~~~#0000FF^^1~686~-426~0~28~start~~~#0000FF^^0~683~-425^^0~M 680 -428 L 677 -425 L 680 -422","T~L~1015~-745~0~#000000~~9pt~~~~comment~LCD CONNECTOR~1~start~gge1345~0~pinpart","R~890~-270~~~225~155~#FF0000~1~1~none~gge1347~0~","F~part_netLabel_VCC~995~-700~0~gge1349~~0^^995~-700^^5V~#000000~987.59375~-711~0~start~1~Times New Roman~9pt~gge1351^^PL~995 -710 995 -700~#000000~1~0~transparent~gge1353~0^^PL~990 -710 1000 -710~#000000~1~0~transparent~gge1354~0","F~part_netLabel_VCC~990~-220~0~gge1473~~0^^990~-220^^5V~#000000~978~-232~0~start~1~Times New Roman~9pt~gge1475^^PL~990 -230 990 -220~#000000~1~0~transparent~gge1477~0^^PL~985 -230 995 -230~#000000~1~0~transparent~gge1478~0","F~part_netLabel_gnD~990~-170~0~gge1479~~0^^990~-170^^GND~#000000~977~-142.75~0~start~1~Times New Roman~9pt~gge1481^^PL~990 -160 990 -170~#000000~1~0~transparent~gge1483~0^^PL~981 -160 999 -160~#000000~1~0~transparent~gge1484~0^^PL~984 -158 996 -158~#000000~1~0~transparent~gge1485~0^^PL~987 -156 993 -156~#000000~1~0~transparent~gge1486~0^^PL~989 -154 991 -154~#000000~1~0~transparent~gge1487~0","F~part_netLabel_netPort~985~-180~0~gge1488~~0^^985~-180^^SCK~#0000FF~930.04~-175.22~0~start~1~Times New Roman~8pt~gge1490^^PL~985 -180 980 -175 965 -175 965 -185 980 -185 985 -180~#0000FF~1~0~transparent~gge1492~0","F~part_netLabel_netPort~985~-190~0~gge1493~~0^^985~-190^^MISO~#0000FF~930.04~-185.22~0~start~1~Times New Roman~8pt~gge1495^^PL~985 -190 980 -185 965 -185 965 -195 980 -195 985 -190~#0000FF~1~0~transparent~gge1497~0","F~part_netLabel_netPort~985~-200~0~gge1498~~0^^985~-200^^MOSI~#0000FF~930.04~-195.22~0~start~1~Times New Roman~8pt~gge1500^^PL~985 -200 980 -195 965 -195 965 -205 980 -205 985 -200~#0000FF~1~0~transparent~gge1502~0","F~part_netLabel_netPort~985~-210~0~gge1503~~0^^985~-210^^RESET~#0000FF~930.04~-205.22~0~start~1~Times New Roman~8pt~gge1505^^PL~985 -210 980 -205 965 -205 965 -215 980 -215 985 -210~#0000FF~1~0~transparent~gge1507~0","LIB~990~-230~package`JST 2.54MM MALE 6 PIN CONNECTOR_N`BOM_Manufacturer``BOM_Manufacturer Part``BOM_Supplier Part``BOM_Supplier``link``Contributor`MagnusInc`spicePre`U`spiceSymbolName`JST_6  PIN`~270~0~ggedad2e0d68be36fef~babac8ccfd6d44a1b7a5050bb57dbff3~fcb916352250470ea0045f08ed328374~0~~yes~yes#@$T~N~1007.46875~-233~0~#000080~Arial~~~~~comment~JST 2.54mm male connector(6 pin)~1~start~gge1552~0~#@$T~P~1007.46875~-242.109375~0~#000080~Arial~~~~~comment~JST3~1~start~gge1554~0~#@$P~show~0~1~990~-220~180~gge1556~0^^990~-220^^M 990 -220 h 20~#880000^^1~1012~-217~0~1~start~~~#0000FF^^1~1005~-221~0~1~end~~~#0000FF^^0~1007~-220^^0~M 1010 -217 L 1013 -220 L 1010 -223#@$P~show~0~2~990~-210~180~gge1563~0^^990~-210^^M 990 -210 h 20~#880000^^1~1012~-207~0~2~start~~~#0000FF^^1~1005~-211~0~2~end~~~#0000FF^^0~1007~-210^^0~M 1010 -207 L 1013 -210 L 1010 -213#@$P~show~0~3~990~-200~180~gge1570~0^^990~-200^^M 990 -200 h 20~#880000^^1~1012~-197~0~3~start~~~#0000FF^^1~1005~-201~0~3~end~~~#0000FF^^0~1007~-200^^0~M 1010 -197 L 1013 -200 L 1010 -203#@$P~show~0~4~990~-190~180~gge1577~0^^990~-190^^M 990 -190 h 20~#880000^^1~1012~-187~0~4~start~~~#0000FF^^1~1005~-191~0~4~end~~~#0000FF^^0~1007~-190^^0~M 1010 -187 L 1013 -190 L 1010 -193#@$P~show~0~5~990~-180~180~gge1584~0^^990~-180^^M 990 -180 h 20~#880000^^1~1012~-177~0~5~start~~~#0000FF^^1~1005~-181~0~5~end~~~#0000FF^^0~1007~-180^^0~M 1010 -177 L 1013 -180 L 1010 -183#@$P~show~0~6~990~-170~180~gge1591~0^^990~-170^^M 990 -170 h 20~#880000^^1~1012~-167~0~6~start~~~#0000FF^^1~1005~-171~0~6~end~~~#0000FF^^0~1007~-170^^0~M 1010 -167 L 1013 -170 L 1010 -173#@$R~1010~-230~~~30~70~#880000~1~0~none~gge1598~0~","T~L~975~-255~0~#0000FF~~9pt~~~~comment~USBASP CONNECTOR~1~start~gge1599~0~pinpart","LIB~160~-120~package`HDR-TH_6P-P2.54-V-R2-C3-S2.54`BOM_Supplier Part`C47552`BOM_Supplier`LCSC`BOM_Manufacturer`ReliaPro`BOM_Manufacturer Part`Female header\/2.54mm2x3 Female header`spicePre`H`spiceSymbolName`Female header\/2.54mm2x3 Female header`~~0~gge323f4c024ed57109~a436596cfaa0438cbeaf105e5590ca97~11b91fdc014f7e87cd4e692df224a8c1~0~~yes~yes#@$T~N~154.03125~-143.203125~0~#000080~Arial~~~~~comment~Female header\/2.54mm2x3 Female header~1~start~gge9792~0~#@$T~P~154.03125~-152.203125~0~#000080~Arial~~~~~comment~H2~1~start~gge9794~0~#@$R~145~-140~2~2~30~40~#880000~1~0~none~gge9796~0~#@$E~150~-135~1.5~1.5~#880000~1~0~#880000~gge9797~0#@$P~show~0~1~135~-130~180~gge9798~0^^135~-130^^M 135 -130 h 10~#880000^^1~148.7~-126~0~1~start~~~#0000FF^^1~144.5~-131~0~1~end~~~#0000FF^^0~142~-130^^0~M 145 -127 L 148 -130 L 145 -133#@$P~show~0~2~185~-130~0~gge9805~0^^185~-130^^M 185 -130 h -10~#880000^^1~171.3~-126~0~2~end~~~#0000FF^^1~175.5~-131~0~2~start~~~#0000FF^^0~178~-130^^0~M 175 -133 L 172 -130 L 175 -127#@$P~show~0~3~135~-120~180~gge9812~0^^135~-120^^M 135 -120 h 10~#880000^^1~148.7~-116~0~3~start~~~#0000FF^^1~144.5~-121~0~3~end~~~#0000FF^^0~142~-120^^0~M 145 -117 L 148 -120 L 145 -123#@$P~show~0~4~185~-120~0~gge9819~0^^185~-120^^M 185 -120 h -10~#880000^^1~171.3~-116~0~4~end~~~#0000FF^^1~175.5~-121~0~4~start~~~#0000FF^^0~178~-120^^0~M 175 -123 L 172 -120 L 175 -117#@$P~show~0~5~135~-110~180~gge9826~0^^135~-110^^M 135 -110 h 10~#880000^^1~148.7~-106~0~5~start~~~#0000FF^^1~144.5~-111~0~5~end~~~#0000FF^^0~142~-110^^0~M 145 -107 L 148 -110 L 145 -113#@$P~show~0~6~185~-110~0~gge9833~0^^185~-110^^M 185 -110 h -10~#880000^^1~173~-107~0~6~end~~~#0000FF^^1~175~-111~0~6~start~~~#0000FF^^0~178~-110^^0~M 175 -113 L 172 -110 L 175 -107","LIB~140~-380~package`CONN-TH_A2008WV-7P`BOM_Supplier`LCSC`BOM_Supplier Part`C273093`BOM_Manufacturer`Changjiang Connectors`BOM_Manufacturer Part`A2008WV-7P`Contributor`LCSC`BOM_JLCPCB Part Class`Extended Part`spicePre`C`spiceSymbolName`A2008WV-7P`~~0~gge3fa954681fce9649~04a0c52d6f6d4d4fa48c76c72e0ec692~9f34855efb73447c91dbcee476a4f7af~0~~yes~yes#@$T~N~134.65625~-423.15625~0~#000080~Arial~~~~~comment~A2008WV-7P~1~start~gge14804~0~#@$T~P~134.6640625~-431.875~0~#000080~Arial~~~~~comment~CN1~1~start~gge14806~0~#@$R~140~-420~2~2~20~80~#880000~1~0~none~gge14808~0~#@$E~145~-415~1.5~1.5~#880000~1~0~#880000~gge14809~0#@$P~show~0~1~130~-410~180~gge14810~0^^130~-410^^M 130 -410 h 10~#880000^^1~142~-407~0~1~start~~~#0000FF^^1~140~-411~0~1~end~~~#0000FF^^0~137~-410^^0~M 140 -407 L 143 -410 L 140 -413#@$P~show~0~2~130~-400~180~gge14817~0^^130~-400^^M 130 -400 h 10~#880000^^1~142~-397~0~2~start~~~#0000FF^^1~140~-401~0~2~end~~~#0000FF^^0~137~-400^^0~M 140 -397 L 143 -400 L 140 -403#@$P~show~0~3~130~-390~180~gge14824~0^^130~-390^^M 130 -390 h 10~#880000^^1~142~-387~0~3~start~~~#0000FF^^1~140~-391~0~3~end~~~#0000FF^^0~137~-390^^0~M 140 -387 L 143 -390 L 140 -393#@$P~show~0~4~130~-380~180~gge14831~0^^130~-380^^M 130 -380 h 10~#880000^^1~142~-377~0~4~start~~~#0000FF^^1~140~-381~0~4~end~~~#0000FF^^0~137~-380^^0~M 140 -377 L 143 -380 L 140 -383#@$P~show~0~5~130~-370~180~gge14838~0^^130~-370^^M 130 -370 h 10~#880000^^1~142~-367~0~5~start~~~#0000FF^^1~140~-371~0~5~end~~~#0000FF^^0~137~-370^^0~M 140 -367 L 143 -370 L 140 -373#@$P~show~0~6~130~-360~180~gge14845~0^^130~-360^^M 130 -360 h 10~#880000^^1~142~-357~0~6~start~~~#0000FF^^1~140~-361~0~6~end~~~#0000FF^^0~137~-360^^0~M 140 -357 L 143 -360 L 140 -363#@$P~show~0~7~130~-350~180~gge14852~0^^130~-350^^M 130 -350 h 10~#880000^^1~142~-347~0~7~start~~~#0000FF^^1~140~-351~0~7~end~~~#0000FF^^0~137~-350^^0~M 140 -347 L 143 -350 L 140 -353","F~part_netLabel_netPort~710~-405~180~gge14919~~0^^710~-405^^COL_3~#0000FF~731.15~-402.58~0~~1~Times New Roman~8pt~gge14921^^PL~710 -405 715 -410 730 -410 730 -400 715 -400 710 -405~#0000FF~1~0~transparent~gge14923~0","F~part_netLabel_netPort~710~-395~180~gge14924~~0^^710~-395^^ROW_1~#0000FF~731.15~-392.58~0~~1~Times New Roman~8pt~gge14926^^PL~710 -395 715 -400 730 -400 730 -390 715 -390 710 -395~#0000FF~1~0~transparent~gge14928~0","F~part_netLabel_netPort~710~-385~180~gge14929~~0^^710~-385^^ROW_2~#0000FF~731.15~-382.58~0~~1~Times New Roman~8pt~gge14931^^PL~710 -385 715 -390 730 -390 730 -380 715 -380 710 -385~#0000FF~1~0~transparent~gge14933~0","F~part_netLabel_netPort~710~-375~180~gge14934~~0^^710~-375^^ROW_3~#0000FF~731.15~-372.58~0~~1~Times New Roman~8pt~gge14936^^PL~710 -375 715 -380 730 -380 730 -370 715 -370 710 -375~#0000FF~1~0~transparent~gge14938~0","F~part_netLabel_netPort~710~-365~180~gge14939~~0^^710~-365^^ROW_4~#0000FF~731.15~-362.58~0~~1~Times New Roman~8pt~gge14941^^PL~710 -365 715 -370 730 -370 730 -360 715 -360 710 -365~#0000FF~1~0~transparent~gge14943~0","F~part_netLabel_netPort~710~-355~180~gge14944~~0^^710~-355^^RED_SEN~#0000FF~731.15~-352.58~0~~1~Times New Roman~8pt~gge14946^^PL~710 -355 715 -360 730 -360 730 -350 715 -350 710 -355~#0000FF~1~0~transparent~gge14948~0","F~part_netLabel_netPort~710~-335~180~gge14949~~0^^710~-335^^RE~#0000FF~731.15~-332.58~0~~1~Times New Roman~8pt~gge14951^^PL~710 -335 715 -340 730 -340 730 -330 715 -330 710 -335~#0000FF~1~0~transparent~gge14953~0","F~part_netLabel_netPort~710~-315~180~gge14954~~0^^710~-315^^D4~#0000FF~731.15~-312.58~0~~1~Times New Roman~8pt~gge14956^^PL~710 -315 715 -320 730 -320 730 -310 715 -310 710 -315~#0000FF~1~0~transparent~gge14958~0","F~part_netLabel_netPort~755~-320~180~gge14964~~0^^755~-320^^D5~#0000FF~776.15~-317.58~0~~1~Times New Roman~8pt~gge14966^^PL~755 -320 760 -325 775 -325 775 -315 760 -315 755 -320~#0000FF~1~0~transparent~gge14968~0","F~part_netLabel_netPort~760~-300~180~gge14981~~0^^760~-300^^D6~#0000FF~781.15~-297.58~0~~1~Times New Roman~8pt~gge14983^^PL~760 -300 765 -305 780 -305 780 -295 765 -295 760 -300~#0000FF~1~0~transparent~gge14985~0","F~part_netLabel_netPort~755~-290~180~gge14987~~0^^755~-290^^D7~#0000FF~776.15~-287.58~0~~1~Times New Roman~8pt~gge14989^^PL~755 -290 760 -295 775 -295 775 -285 760 -285 755 -290~#0000FF~1~0~transparent~gge14991~0","F~part_netLabel_gnD~1085~-615~0~gge15001~~0^^1085~-615^^GND~#000000~1072~-589~0~start~1~Times New Roman~9pt~gge15003^^PL~1085 -605 1085 -615~#000000~1~0~transparent~gge15005~0^^PL~1076 -605 1094 -605~#000000~1~0~transparent~gge15006~0^^PL~1079 -603 1091 -603~#000000~1~0~transparent~gge15007~0^^PL~1082 -601 1088 -601~#000000~1~0~transparent~gge15008~0^^PL~1084 -599 1086 -599~#000000~1~0~transparent~gge15009~0","F~part_netLabel_netPort~1000~-650~0~gge15020~~0^^1000~-650^^D4~#0000FF~965.81~-645.22~0~~1~Times New Roman~8pt~gge15022^^PL~1000 -650 995 -645 980 -645 980 -655 995 -655 1000 -650~#0000FF~1~0~transparent~gge15024~0","F~part_netLabel_netPort~1000~-660~0~gge15030~~0^^1000~-660^^D5~#0000FF~965.81~-655.22~0~~1~Times New Roman~8pt~gge15032^^PL~1000 -660 995 -655 980 -655 980 -665 995 -665 1000 -660~#0000FF~1~0~transparent~gge15034~0","F~part_netLabel_netPort~1000~-670~0~gge15035~~0^^1000~-670^^D6~#0000FF~965.81~-665.22~0~~1~Times New Roman~8pt~gge15037^^PL~1000 -670 995 -665 980 -665 980 -675 995 -675 1000 -670~#0000FF~1~0~transparent~gge15039~0","F~part_netLabel_netPort~1000~-680~0~gge15040~~0^^1000~-680^^D7~#0000FF~965.81~-675.22~0~~1~Times New Roman~8pt~gge15042^^PL~1000 -680 995 -675 980 -675 980 -685 995 -685 1000 -680~#0000FF~1~0~transparent~gge15044~0","LIB~1045~-670~package`918510X324`description`Flat Cable Connector (IDC), Low-Profile Male Header, Straight Solder Pin, 10 Contacts, Performance Level 2`spicePre`P`spiceSymbolName`09 18 510 6324`BOM_Manufacturer Part``~90~0~gge480b9179fdd8b196~d27f05c1b78b4bff87ef48c947f7eb42~e92463c35422484ebab2fa5820f593d4~0~~yes~yes#@$T~N~1039.28125~-703~0~#000080~Arial~~~~~comment~09 18 510 6324~1~start~gge29761~0~#@$T~P~1039.2890625~-711.6015625~0~#000080~Arial~~~~~comment~P1~1~start~gge29763~0~#@$R~1025~-700~1~1~40~60~#880000~1~0~none~gge29765~0~#@$E~1055~-660~3~3~#880000~1~0~#FEFEFE~gge29766~0#@$E~1035~-670~3~3~#880000~1~0~#FEFEFE~gge29767~0#@$E~1055~-670~3~3~#880000~1~0~#FEFEFE~gge29768~0#@$E~1035~-660~3~3~#880000~1~0~#FEFEFE~gge29769~0#@$E~1055~-650~3~3~#880000~1~0~#FEFEFE~gge29770~0#@$E~1035~-650~3~3~#880000~1~0~#FEFEFE~gge29771~0#@$E~1055~-680~3~3~#880000~1~0~#FEFEFE~gge29772~0#@$E~1035~-690~3~3~#880000~1~0~#FEFEFE~gge29773~0#@$E~1055~-690~3~3~#880000~1~0~#FEFEFE~gge29774~0#@$E~1035~-680~3~3~#880000~1~0~#FEFEFE~gge29775~0#@$PL~1065 -660 1058 -660~#880000~1~0~none~gge29776~0#@$PL~1025 -670 1032 -670~#880000~1~0~none~gge29777~0#@$PL~1065 -670 1058 -670~#880000~1~0~none~gge29778~0#@$PL~1025 -660 1032 -660~#880000~1~0~none~gge29779~0#@$PL~1065 -650 1058 -650~#880000~1~0~none~gge29780~0#@$PL~1025 -650 1032 -650~#880000~1~0~none~gge29781~0#@$PL~1065 -680 1058 -680~#880000~1~0~none~gge29782~0#@$PL~1025 -690 1032 -690~#880000~1~0~none~gge29783~0#@$PL~1065 -690 1058 -690~#880000~1~0~none~gge29784~0#@$PL~1025 -680 1032 -680~#880000~1~0~none~gge29785~0#@$P~show~0~1~1085~-650~0~gge29786~0^^1085~-650^^M 1085 -650 h -20~#880000^^0~1062~-647~0~1~end~~~#0000FF^^1~1071~-651~0~1~start~~~#0000FF^^0~1068~-650^^0~M 1065 -653 L 1062 -650 L 1065 -647#@$P~show~0~3~1085~-660~0~gge29793~0^^1085~-660^^M 1085 -660 h -20~#880000^^0~1062~-657~0~3~end~~~#0000FF^^1~1071~-661~0~3~start~~~#0000FF^^0~1068~-660^^0~M 1065 -663 L 1062 -660 L 1065 -657#@$P~show~0~5~1085~-670~0~gge29800~0^^1085~-670^^M 1085 -670 h -20~#880000^^0~1062~-667~0~5~end~~~#0000FF^^1~1071~-671~0~5~start~~~#0000FF^^0~1068~-670^^0~M 1065 -673 L 1062 -670 L 1065 -667#@$P~show~0~6~1005~-670~180~gge29807~0^^1005~-670^^M 1005 -670 h 20~#880000^^0~1028~-667~0~6~start~~~#0000FF^^1~1019~-671~0~6~end~~~#0000FF^^0~1022~-670^^0~M 1025 -667 L 1028 -670 L 1025 -673#@$P~show~0~4~1005~-660~180~gge29814~0^^1005~-660^^M 1005 -660 h 20~#880000^^0~1028~-657~0~4~start~~~#0000FF^^1~1019~-661~0~4~end~~~#0000FF^^0~1022~-660^^0~M 1025 -657 L 1028 -660 L 1025 -663#@$P~show~0~2~1005~-650~180~gge29821~0^^1005~-650^^M 1005 -650 h 20~#880000^^0~1028~-647~0~2~start~~~#0000FF^^1~1019~-651~0~2~end~~~#0000FF^^0~1022~-650^^0~M 1025 -647 L 1028 -650 L 1025 -653#@$P~show~0~7~1085~-680~0~gge29828~0^^1085~-680^^M 1085 -680 h -20~#880000^^0~1062~-677~0~7~end~~~#0000FF^^1~1071~-681~0~7~start~~~#0000FF^^0~1068~-680^^0~M 1065 -683 L 1062 -680 L 1065 -677#@$P~show~0~9~1085~-690~0~gge29835~0^^1085~-690^^M 1085 -690 h -20~#880000^^0~1062~-687~0~9~end~~~#0000FF^^1~1071~-691~0~9~start~~~#0000FF^^0~1068~-690^^0~M 1065 -693 L 1062 -690 L 1065 -687#@$P~show~0~10~1005~-690~180~gge29842~0^^1005~-690^^M 1005 -690 h 20~#880000^^0~1028~-687~0~10~start~~~#0000FF^^1~1019~-691~0~10~end~~~#0000FF^^0~1022~-690^^0~M 1025 -687 L 1028 -690 L 1025 -693#@$P~show~0~8~1005~-680~180~gge29849~0^^1005~-680^^M 1005 -680 h 20~#880000^^0~1028~-677~0~8~start~~~#0000FF^^1~1019~-681~0~8~end~~~#0000FF^^0~1022~-680^^0~M 1025 -677 L 1028 -680 L 1025 -683","F~part_netLabel_netPort~1090~-660~180~gge29954~~0^^1090~-660^^RE~#0000FF~1111.15~-657.58~0~~1~Times New Roman~8pt~gge29956^^PL~1090 -660 1095 -665 1110 -665 1110 -655 1095 -655 1090 -660~#0000FF~1~0~transparent~gge29958~0","F~part_netLabel_netPort~1090~-670~180~gge29959~~0^^1090~-670^^EN~#0000FF~1111.15~-667.58~0~~1~Times New Roman~8pt~gge29961^^PL~1090 -670 1095 -675 1110 -675 1110 -665 1095 -665 1090 -670~#0000FF~1~0~transparent~gge29963~0","W~1085 -615 1085 -650~#008800~1~0~none~gge29969~0","W~1085 -690 1085 -705 1005 -705 1005 -690 995 -690 995 -700~#008800~1~0~none~gge29970~0","W~1085 -680 1125 -680 1125 -645 1085 -645~#008800~1~0~none~gge29974~0","R~905~-760~~~220~175~#FF0000~1~1~none~gge29977~0~","F~part_netLabel_netPort~125~-410~0~gge29978~~0^^125~-410^^COL_1~#0000FF~72.74~-406.29~0~~1~Times New Roman~8pt~gge29980^^PL~125 -410 120 -405 105 -405 105 -415 120 -415 125 -410~#0000FF~1~0~transparent~gge29982~0","F~part_netLabel_netPort~125~-400~0~gge29983~~0^^125~-400^^COL_2~#0000FF~72.74~-396.29~0~~1~Times New Roman~8pt~gge29985^^PL~125 -400 120 -395 105 -395 105 -405 120 -405 125 -400~#0000FF~1~0~transparent~gge29987~0","F~part_netLabel_netPort~125~-390~0~gge29988~~0^^125~-390^^COL_3~#0000FF~72.74~-386.29~0~~1~Times New Roman~8pt~gge29990^^PL~125 -390 120 -385 105 -385 105 -395 120 -395 125 -390~#0000FF~1~0~transparent~gge29992~0","F~part_netLabel_netPort~125~-380~0~gge29993~~0^^125~-380^^ROW_1~#0000FF~67.74~-376.29~0~~1~Times New Roman~8pt~gge29995^^PL~125 -380 120 -375 105 -375 105 -385 120 -385 125 -380~#0000FF~1~0~transparent~gge29997~0","F~part_netLabel_netPort~125~-370~0~gge29998~~0^^125~-370^^ROW_2~#0000FF~67.74~-366.29~0~~1~Times New Roman~8pt~gge30000^^PL~125 -370 120 -365 105 -365 105 -375 120 -375 125 -370~#0000FF~1~0~transparent~gge30002~0","F~part_netLabel_netPort~125~-360~0~gge30003~~0^^125~-360^^ROW_3~#0000FF~67.74~-356.29~0~~1~Times New Roman~8pt~gge30005^^PL~125 -360 120 -355 105 -355 105 -365 120 -365 125 -360~#0000FF~1~0~transparent~gge30007~0","F~part_netLabel_netPort~125~-350~0~gge30008~~0^^125~-350^^ROW_4~#0000FF~67.74~-346.29~0~~1~Times New Roman~8pt~gge30010^^PL~125 -350 120 -345 105 -345 105 -355 120 -355 125 -350~#0000FF~1~0~transparent~gge30012~0","F~part_netLabel_netPort~190~-130~180~gge30018~~0^^190~-130^^RED_SEN~#0000FF~212.22~-126.4~0~~1~Times New Roman~8pt~gge30020^^PL~190 -130 195 -135 210 -135 210 -125 195 -125 190 -130~#0000FF~1~0~transparent~gge30022~0","F~part_netLabel_netPort~190~-120~180~gge30023~~0^^190~-120^^GREEN_SEN~#0000FF~212.22~-116.4~0~~1~Times New Roman~8pt~gge30025^^PL~190 -120 195 -125 210 -125 210 -115 195 -115 190 -120~#0000FF~1~0~transparent~gge30027~0","F~part_netLabel_netPort~190~-110~180~gge30028~~0^^190~-110^^BLUE_SEN~#0000FF~212.22~-106.4~0~~1~Times New Roman~8pt~gge30030^^PL~190 -110 195 -115 210 -115 210 -105 195 -105 190 -110~#0000FF~1~0~transparent~gge30032~0","F~part_netLabel_netPort~130~-110~0~gge30033~~0^^130~-110^^LDR~#0000FF~87.23~-106.4~0~~1~Times New Roman~8pt~gge30035^^PL~130 -110 125 -105 110 -105 110 -115 125 -115 130 -110~#0000FF~1~0~transparent~gge30037~0","F~part_netLabel_VCC~120~-155~0~gge30045~~0^^120~-155^^5V~#000000~112.421875~-166~0~start~1~Times New Roman~9pt~gge30047^^PL~120 -165 120 -155~#000000~1~0~transparent~gge30049~0^^PL~115 -165 125 -165~#000000~1~0~transparent~gge30050~0","F~part_netLabel_gnD~80~-95~0~gge30051~~0^^80~-95^^GND~#000000~67~-69~0~start~1~Times New Roman~9pt~gge30053^^PL~80 -85 80 -95~#000000~1~0~transparent~gge30055~0^^PL~71 -85 89 -85~#000000~1~0~transparent~gge30056~0^^PL~74 -83 86 -83~#000000~1~0~transparent~gge30057~0^^PL~77 -81 83 -81~#000000~1~0~transparent~gge30058~0^^PL~79 -79 81 -79~#000000~1~0~transparent~gge30059~0","W~135 -130 120 -130 120 -155~#008800~1~0~none~gge30069~0","W~135 -120 80 -120 80 -95~#008800~1~0~none~gge30070~0","R~50~-210~~~295~155~#FF0000~1~1~none~gge30071~0~","R~55~-485~~~170~170~#FF0000~1~1~none~gge30072~0~","T~L~210~-195~0~#0000FF~~9pt~~~~comment~SENSOR CONNECTOR~1~start~gge30073~0~pinpart","T~L~75~-470~0~#0000FF~~9pt~~~~comment~KEYBOARD CONNECTOR~1~start~gge30075~0~pinpart","R~235~-790~~~265~170~#FF0000~1~1~none~gge30079~0~","R~335~-600~~~490~350~#FF0000~1~1~none~gge30080~0~","T~L~690~-580~0~#0000FF~~9pt~~~~comment~MICRO_CONTROLLER~1~start~gge30081~0~pinpart","T~L~160~-770~0~#0000FF~~9pt~~~~comment~POWER~1~start~gge30083~0~pinpart","T~L~415~-775~0~#0000FF~~9pt~~~~comment~REGULATOR~1~start~gge30085~0~pinpart","R~45~-785~~~170~165~#FF0000~1~1~none~gge30089~0~","LIB~425~-345~package`L0603`nameAlias`Value(H)`BOM_Supplier Part``BOM_Supplier``Contributor`LCEDA_Lib`spicePre`L`spiceSymbolName`L0603_US`BOM_Manufacturer Part``~90~0~gge5289e9e5dc986a8e~c97065da658549e98f95ac59a402a593~a4eacdcb63554cb08b3b56477817ab57~0~~yes~yes#@$T~N~429~-332.859375~0~#000080~Arial~~~~~comment~10u~1~start~gge30103~0~#@$T~P~429.0078125~-341.58~0~#000080~Arial~~~~~comment~L1~1~start~gge30105~0~#@$P~show~0~2~425~-365~90~gge30107~0^^425~-365^^M 425 -365 v 3~#800^^0~425~-358~270~2~end~~~#800^^0~421~-366~270~2~start~~~#800^^0~425~-365^^0~M 422 -362 L 425 -359 L 428 -362#@$P~show~0~1~425~-325~270~gge30114~0^^425~-325^^M 425 -325 v -3~#800^^0~425~-332~270~1~start~~~#800^^0~421~-324~270~1~end~~~#800^^0~425~-325^^0~M 428 -328 L 425 -331 L 422 -328#@$A~M 424.932 -328.117 A 3.9 4 0 1 1 424.936 -336.082~~#880000~1~0~none~gge30121~0#@$A~M 424.929 -336.6 A 3.9 4 0 1 1 424.934 -344.565~~#880000~1~0~none~gge30122~0#@$A~M 424.929 -345.067 A 3.9 4 0 1 1 424.934 -353.032~~#880000~1~0~none~gge30123~0#@$A~M 424.931 -353.7 A 3.9 4 0 1 1 424.936 -361.665~~#880000~1~0~none~gge30124~0","W~515 -350 515 -345~#008800~1~0~none~gge30149~0","LIB~470~-370~package`CAP-TH_BD5.0-P2.00-D0.8-FD`BOM_Supplier`LCSC`BOM_Manufacturer`ValuePro`BOM_Manufacturer Part`0.1UF 50V`nameAlias`Capacitance`BOM_Supplier Part`C28061`BOM_JLCPCB Part Class`Extended Part`spicePre`C`spiceSymbolName`0.1uF`~~0~gge974fca2ece8bd519~3744bcbe1f464b01ae180f32d7d4b0c4~5be54c321bd14d348c8381ecaf5a69ca~0~~yes~yes#@$T~N~471.7578125~-356.5703125~0~#000080~Arial~~~~~comment~100nF~1~start~gge30182~0~#@$T~P~480~-366.5703125~0~#000080~Arial~~~~~comment~C5~1~start~gge30184~0~#@$PL~478 -372 462 -372~#880000~1~0~none~gge30186~0#@$P~show~1~1~470~-385~90~gge30187~0^^470~-385^^M 470 -385 v 10~#000000^^0~473~-370~270~1~end~~~#000000^^0~469~-380~270~1~start~~~#000000^^0~470~-378^^0~M 467 -375 L 470 -372 L 473 -375#@$P~show~1~2~470~-355~270~gge30194~0^^470~-355^^M 470 -355 v -10~#000000^^0~473~-370~270~2~start~~~#000000^^0~469~-360~270~2~end~~~#000000^^0~470~-362^^0~M 473 -365 L 470 -368 L 467 -365#@$PL~470 -375 470 -372~#880000~1~0~none~gge30201~0#@$PL~470 -368 470 -365~#880000~1~0~none~gge30202~0#@$A~M 477.67 -364.78 A 10 9 0 0 0 462.81 -365.25~~#880000~1~0~none~gge30203~0#@$PL~473 -380 473 -376~#880000~1~0~none~gge30204~0#@$PL~475 -378 471 -378~#880000~1~0~none~gge30205~0","F~part_netLabel_gnD~470~-360~0~gge30206~~0^^470~-360^^GND~#000000~457~-332.75~0~start~1~Times New Roman~9pt~gge30208^^PL~470 -350 470 -360~#000000~1~0~transparent~gge30210~0^^PL~461 -350 479 -350~#000000~1~0~transparent~gge30211~0^^PL~464 -348 476 -348~#000000~1~0~transparent~gge30212~0^^PL~467 -346 473 -346~#000000~1~0~transparent~gge30213~0^^PL~469 -344 471 -344~#000000~1~0~transparent~gge30214~0","W~470 -360 470 -355~#008800~1~0~none~gge30215~0","W~425 -325 455 -325 455 -385 540 -385~#008800~1~0~none~gge30222~0","W~540 -395 445 -395 445 -370 425 -370 425 -365~#008800~1~0~none~gge30223~0","W~515 -375 540 -375~#008800~1~0~none~gge30230~0","LIB~1020~-445~package`LED-TH_4P-BD5.8-P1.30`BOM_Supplier`LCSC`BOM_Manufacturer`KENTO`BOM_Manufacturer Part`\u03c65 RGB Transparent LED`Contributor`LCSC`BOM_Supplier Part`C32985`spicePre`L`spiceSymbolName`\u03c65 RGB Transparent`~270~0~gge1473411cad0e4eb9~ac54e43d4c1941498c70b70974b687d5~5db6be25ef9326e979014d00753f39b0~0~~yes~yes#@$T~N~1018.328125~-497~0~#000080~Arial~~~~~comment~\u03c65 RGB Transparent~1~start~gge30330~0~#@$T~P~1018.328125~-505.6015625~0~#000080~Arial~~~~~comment~LED1~1~start~gge30332~0~#@$T~L~1040.98~-406.81~270~#FF0000~~~~~~comment~R~1~~gge30334~0~pinpart#@$T~L~1040.98~-435.75~270~#00FF00~~~~~~comment~G~1~~gge30336~0~pinpart#@$T~L~1040.65~-465.81~270~#0000FF~~~~~~comment~B~1~~gge30338~0~pinpart#@$PL~1010 -475 1020 -475~#880000~1~0~none~gge30340~0#@$PL~1010 -445 1020 -445~#880000~1~0~none~gge30341~0#@$PL~1010 -415 1020 -415~#880000~1~0~none~gge30342~0#@$P~show~1~1~990~-415~180~gge30343~0^^990~-415^^M 990 -415 h 20~#880000^^0~1012.000025~-412~0~KR~start~~~#0000FF^^1~1005.000025~-416~0~1~end~~~#0000FF^^0~1007~-415^^0~M 1010 -412 L 1013 -415 L 1010 -418#@$P~show~1~3~990~-445~180~gge30350~0^^990~-445^^M 990 -445 h 20~#880000^^0~1012.000025~-442~0~KG~start~~~#0000FF^^1~1005.000025~-446~0~3~end~~~#0000FF^^0~1007~-445^^0~M 1010 -442 L 1013 -445 L 1010 -448#@$P~show~1~4~990~-475~180~gge30357~0^^990~-475^^M 990 -475 h 20~#880000^^0~1012.000025~-472~0~KB~start~~~#0000FF^^1~1005.000025~-476~0~4~end~~~#0000FF^^0~1007~-475^^0~M 1010 -472 L 1013 -475 L 1010 -478#@$P~show~4~2~1070~-445~0~gge30364~0^^1070~-445^^M 1070 -445 h -20~#880000^^0~1049~-446~0~CA~end~~~#0000FF^^1~1055~-446~0~2~start~~~#0000FF^^0~1053~-445^^0~M 1050 -448 L 1047 -445 L 1050 -442#@$PL~1030 -445 1050 -445~#880000~1~0~none~gge30371~0#@$PL~1030 -475 1045 -475 1045 -415 1030 -415~#880000~1~0~none~gge30372~0#@$PT~M 1030 -409 L 1020 -415 L 1030 -422 Z ~#880000~1~0~#880000~gge30373~0~#@$PL~1020 -423 1020 -407~#880000~1~0~none~gge30374~0#@$PL~1024 -428 1017 -435~#880000~1~0~none~gge30375~0#@$PL~1020 -424 1013 -431~#880000~1~0~none~gge30376~0#@$PT~M 1017 -435 L 1021 -433 L 1019 -431 Z ~#880000~1~0~#880000~gge30377~0~#@$PT~M 1013 -431 L 1017 -429 L 1015 -427 Z ~#880000~1~0~#880000~gge30378~0~#@$PT~M 1030 -439 L 1020 -445 L 1030 -452 Z ~#880000~1~0~#880000~gge30379~0~#@$PL~1020 -453 1020 -437~#880000~1~0~none~gge30380~0#@$PL~1024 -458 1017 -465~#880000~1~0~none~gge30381~0#@$PL~1020 -454 1013 -461~#880000~1~0~none~gge30382~0#@$PT~M 1017 -465 L 1021 -463 L 1019 -461 Z ~#880000~1~0~#880000~gge30383~0~#@$PT~M 1013 -461 L 1017 -459 L 1015 -457 Z ~#880000~1~0~#880000~gge30384~0~#@$PT~M 1030 -469 L 1020 -475 L 1030 -482 Z ~#880000~1~0~#880000~gge30385~0~#@$PL~1020 -483 1020 -467~#880000~1~0~none~gge30386~0#@$PL~1023 -487 1016 -494~#880000~1~0~none~gge30387~0#@$PL~1019 -483 1012 -490~#880000~1~0~none~gge30388~0#@$PT~M 1016 -494 L 1020 -492 L 1018 -490 Z ~#880000~1~0~#880000~gge30389~0~#@$PT~M 1012 -490 L 1016 -488 L 1014 -486 Z ~#880000~1~0~#880000~gge30390~0~","F~part_netLabel_netPort~990~-475~0~gge30459~~0^^990~-475^^RED_OUT~#0000FF~919.29~-471.4~0~~1~Times New Roman~8pt~gge30461^^PL~990 -475 985 -470 970 -470 970 -480 985 -480 990 -475~#0000FF~1~0~transparent~gge30463~0","F~part_netLabel_netPort~990~-445~0~gge30464~~0^^990~-445^^GREEN_OUT~#0000FF~904.29~-441.4~0~~1~Times New Roman~8pt~gge30466^^PL~990 -445 985 -440 970 -440 970 -450 985 -450 990 -445~#0000FF~1~0~transparent~gge30468~0","F~part_netLabel_netPort~990~-415~0~gge30469~~0^^990~-415^^BLUE_OUT~#0000FF~914.29~-411.4~0~~1~Times New Roman~8pt~gge30471^^PL~990 -415 985 -410 970 -410 970 -420 985 -420 990 -415~#0000FF~1~0~transparent~gge30473~0","LIB~540~-550~package`DO-41_BD2.4-L4.7-P8.70-D0.9-RD`BOM_Supplier`LCSC`BOM_Supplier Part`C99656`BOM_Manufacturer`Diodes Incorporated`BOM_Manufacturer Part`1N4001-T`Contributor`LCSC`BOM_JLCPCB Part Class`Extended Part`spicePre`D`spiceSymbolName`1N4001_Diode`~270~0~gge15b120287044c739~c2803222ad4b48fb94db0de548a6280a~a5b1c97e580a4b60aec5c627fc414915~0~~yes~yes#@$T~N~548~-537.796875~0~#000080~Arial~~~~~comment~1N4001_Diode~1~start~gge30519~0~#@$T~P~548~-546.3984375~0~#000080~Arial~~~~~comment~D1~1~start~gge30521~0~#@$PL~534 -555 546 -555~#880000~1~0~none~gge30523~0#@$P~show~0~2~540~-530~270~gge30524~0^^540~-530^^M 540 -530 v -15~#880000^^0~543~-548~270~A~start~~~#0000FF^^0~539~-539~270~2~end~~~#0000FF^^0~540~-542^^0~M 543 -545 L 540 -548 L 537 -545#@$P~show~0~1~540~-570~90~gge30531~0^^540~-570^^M 540 -570 v 15~#880000^^0~543~-552~270~C~end~~~#0000FF^^0~539~-561~270~1~start~~~#0000FF^^0~540~-558^^0~M 537 -555 L 540 -552 L 543 -555#@$PT~M 546 -545 L 540 -555 L 534 -545 Z ~#880000~1~0~none~gge30538~0~","W~505 -570 540 -570~#008800~1~0~none~gge30561~0","LIB~1090~-445~Power`1\/4W`Value`Value`package`AXIAL-0.4`Tolerance`\u00b11%`BOM_EasyEDA`E57439`BOM_Supplier Part`E57439`BOM_Supplier`EasyEDA`BOM_Manufacturer`UniOhm`BOM_Manufacturer Part`MFR0W4F2200A50`spicePre`R`spiceSymbolName`RESISTOR`~~0~ggebeee31ba1dcf71f3~e7870df76a684accba936496553f47ac~9bd55fad47ad4f3aaa35851c70f2642b~0~~yes~yes#@$T~N~1083.828125~-452~0~#000080~Arial~~~~~comment~330 OHM~1~start~gge30590~0~#@$T~P~1083.828125~-460.609375~0~#000080~Arial~~~~~comment~R2~1~start~gge30592~0~#@$P~show~1~2~1110~-445~0~gge30594~0^^1110~-445^^M 1110 -445 h -10~#000000^^0~1095~-442~0~2~end~~~#000000^^0~1105~-446~0~2~start~~~#000000^^0~1103~-445^^0~M 1100 -448 L 1097 -445 L 1100 -442#@$P~show~1~1~1070~-445~180~gge30601~0^^1070~-445^^M 1070 -445 h 10~#000000^^0~1085~-442~0~1~start~~~#000000^^0~1075~-446~0~1~end~~~#000000^^0~1077~-445^^0~M 1080 -442 L 1083 -445 L 1080 -448#@$R~1080~-449~~~20~8~#880000~1~0~none~gge30608~0~","F~part_netLabel_gnD~1110~-395~0~gge30630~~0^^1110~-395^^GND~#000000~1097~-369~0~start~1~Times New Roman~9pt~gge30632^^PL~1110 -385 1110 -395~#000000~1~0~transparent~gge30634~0^^PL~1101 -385 1119 -385~#000000~1~0~transparent~gge30635~0^^PL~1104 -383 1116 -383~#000000~1~0~transparent~gge30636~0^^PL~1107 -381 1113 -381~#000000~1~0~transparent~gge30637~0^^PL~1109 -379 1111 -379~#000000~1~0~transparent~gge30638~0","W~1110 -445 1110 -395~#008800~1~0~none~gge30648~0","R~890~-535~~~235~190~#FF0000~1~1~none~gge30649~0~","T~L~1040~-520~0~#0000FF~~9pt~~~~comment~OUTPUT_LED~1~start~gge30650~0~pinpart","W~700 -405 710 -405~#008800~1~0~none~gge30654~0","W~700 -395 710 -395~#008800~1~0~none~gge30655~0","W~700 -385 710 -385~#008800~1~0~none~gge30656~0","W~700 -375 710 -375~#008800~1~0~none~gge30657~0","W~700 -365 710 -365~#008800~1~0~none~gge30658~0","W~700 -355 710 -355~#008800~1~0~none~gge30659~0","W~700 -335 710 -335~#008800~1~0~none~gge30660~0","W~700 -315 710 -315~#008800~1~0~none~gge30661~0","W~190 -130 185 -130~#008800~1~0~none~gge30662~0","W~190 -120 185 -120~#008800~1~0~none~gge30663~0","W~190 -110 185 -110~#008800~1~0~none~gge30664~0","W~130 -110 135 -110~#008800~1~0~none~gge30665~0","W~125 -410 130 -410~#008800~1~0~none~gge30666~0","W~125 -400 130 -400~#008800~1~0~none~gge30667~0","W~125 -390 130 -390~#008800~1~0~none~gge30668~0","W~125 -380 130 -380~#008800~1~0~none~gge30669~0","W~125 -370 130 -370~#008800~1~0~none~gge30670~0","W~125 -360 130 -360~#008800~1~0~none~gge30671~0","W~125 -350 130 -350~#008800~1~0~none~gge30672~0","W~1090 -670 1085 -670~#008800~1~0~none~gge30676~0","W~1090 -660 1085 -660~#008800~1~0~none~gge30677~0","W~1000 -680 1005 -680~#008800~1~0~none~gge30678~0","W~1000 -670 1005 -670~#008800~1~0~none~gge30679~0","W~1000 -660 1005 -660~#008800~1~0~none~gge30680~0","W~1000 -650 1005 -650~#008800~1~0~none~gge30681~0","W~985 -210 990 -210~#008800~1~0~none~gge30682~0","W~985 -200 990 -200~#008800~1~0~none~gge30683~0","W~985 -190 990 -190~#008800~1~0~none~gge30684~0","W~985 -180 990 -180~#008800~1~0~none~gge30685~0","J~330~-710~2.5~#CC0000~gge484~0","J~355~-710~2.5~#CC0000~gge487~0","J~330~-655~2.5~#CC0000~gge490~0","J~305~-655~2.5~#CC0000~gge493~0","J~260~-700~2.5~#CC0000~gge496~0","J~540~-530~2.5~#CC0000~gge695~0","J~540~-295~2.5~#CC0000~gge698~0","J~505~-530~2.5~#CC0000~gge704~0","J~400~-520~2.5~#CC0000~gge707~0","J~460~-520~2.5~#CC0000~gge710~0","J~430~-400~2.5~#CC0000~gge713~0","J~430~-440~2.5~#CC0000~gge716~0","J~395~-400~2.5~#CC0000~gge719~0","J~445~-440~2.5~#CC0000~gge725~0","J~760~-300~2.5~#CC0000~gge14986~0","J~755~-320~2.5~#CC0000~gge14999~0","J~1005~-690~2.5~#CC0000~gge29973~0","J~1085~-645~2.5~#CC0000~gge29975~0","J~445~-400~2.5~#CC0000~gge30102~0","J~425~-370~2.5~#CC0000~gge30228~0","J~470~-385~2.5~#CC0000~gge30229~0","J~755~-290~2.5~#CC0000~gge30231~0","J~505~-570~2.5~#CC0000~gge30562~0"],"BBox":{"x":-5,"y":-805.7,"width":1158.3,"height":807.2},"colors":[]}}],"docType":5,"title":"RGB colour detector","name":"RGB colour detector"}